model,feature_set,n_features,auc,ci_lo,ci_hi,avg_prec
XGBoost,Pre-Dodd-Frank,41,0.8929006573314471,0.8428853865181738,0.9398036670288747,0.07365330728267755
XGBoost,Modern (full),48,0.8850268181032406,0.8358650196140701,0.9340952949976826,0.07517136891559095
Logit,Pre-Dodd-Frank,41,0.881782479372027,0.841534834750466,0.9199057763653229,0.13366458121954256
Logit,Modern (full),48,0.8784763612192429,0.8381882869250455,0.9163787172064493,0.10302135166066066
